_id,EstablecimientoCodigo,EstablecimientoGlosa,EstablecimientoCodigoAntiguo,EstablecimientoCodigoMadreAntiguo,EstablecimientoCodigoMadreNuevo,RegionCodigo,RegionGlosa,SeremiSaludCodigo_ServicioDeSaludCodigo,SeremiSaludGlosa_ServicioDeSaludGlosa,TipoPertenenciaEstabGlosa,TipoEstablecimientoGlosa,AmbitoFuncionamiento,Certificacion,DependenciaAdministrativa,NivelAtencionEstabglosa,ComunaCodigo,ComunaGlosa,TipoViaGlosa,Numero,NombreVia,TelefonoMovil_TelefonoFijo,FechaInicioFuncionamientoEstab,TieneServicioUrgencia,TipoUrgencia,ClasificacionTipoSapu,Latitud,Longitud,TipoSistemaSaludGlosa,EstadoFuncionamiento,NivelComplejidadEstabGlosa,TipoAtencionEstabGlosa,FechaIncorporacion
1300,117315,Centro de Salud Familiar Campanario,17-315,,,16,Región de Ñuble,17,Servicio de Salud Ñuble,Perteneciente al Sistema Nacional de Servicios de Salud,Centro de Salud Familiar (CESFAM),Establecimiento de Salud,Centro de Salud Familiar,Municipal,Primario,16109,Yungay,Calle,,Argentina,421970734,,NO,No Aplica,No Aplica,-37.13219,-72.1953,Público,Vigente en Operación Habitual,Baja Complejidad,Atención Abierta-Ambulatoria,
1302,117104,Hospital Comunitario de Salud Familiar Pedro Morales Campos (Yungay),17-104,,,16,Región de Ñuble,17,Servicio de Salud Ñuble,Perteneciente al Sistema Nacional de Servicios de Salud,Hospital,Establecimiento de Salud,No Aplica,Servicio de Salud,Primario,16109,Yungay,Calle,658,Angamos,422585736,,SI,Urgencia Hospitalaria (UEH),No Aplica,-37.12182,-72.02385,Público,Vigente en Operación Habitual,Baja Complejidad,Atención Cerrada-Hospitalaria,
1305,117458,Posta de Salud Rural San Antonio (Yungay),17-458,,,16,Región de Ñuble,17,Servicio de Salud Ñuble,Perteneciente al Sistema Nacional de Servicios de Salud,Posta de Salud Rural (PSR),Establecimiento de Salud,No Aplica,Municipal,Primario,16109,Yungay,Calle,,Sector San Antonio,,,NO,No Aplica,No Aplica,-37.101717,-71.809897,Público,Vigente en Operación Habitual,Baja Complejidad,Atención Abierta-Ambulatoria,
1329,117430,Posta de Salud Rural Cartago,17-430,,,16,Región de Ñuble,17,Servicio de Salud Ñuble,Perteneciente al Sistema Nacional de Servicios de Salud,Posta de Salud Rural (PSR),Establecimiento de Salud,No Aplica,Municipal,Primario,16105,Pemuco,Calle,,Sector Cartago,,,NO,No Aplica,No Aplica,-37.021262,-71.855669,Público,Vigente en Operación Habitual,Baja Complejidad,Atención Abierta-Ambulatoria,
1336,117477,Posta de Salud Rural Chamizal,17-477,,,16,Región de Ñuble,17,Servicio de Salud Ñuble,Perteneciente al Sistema Nacional de Servicios de Salud,Posta de Salud Rural (PSR),Establecimiento de Salud,No Aplica,Municipal,Primario,16104,El Carmen,Calle,,Sector Chamizal,,,NO,No Aplica,No Aplica,-36.98869,-71.84967,Público,Vigente en Operación Habitual,Baja Complejidad,Atención Abierta-Ambulatoria,
1339,117475,Posta de Salud Rural Castañal,17-475,,,16,Región de Ñuble,17,Servicio de Salud Ñuble,Perteneciente al Sistema Nacional de Servicios de Salud,Posta de Salud Rural (PSR),Establecimiento de Salud,No Aplica,Municipal,Primario,16104,El Carmen,Calle,,Sector Castañal,,,NO,No Aplica,No Aplica,-36.979455,-71.794461,Público,Vigente en Operación Habitual,Baja Complejidad,Atención Abierta-Ambulatoria,
1340,117310,Centro de Salud Familiar Pemuco,17-310,,,16,Región de Ñuble,17,Servicio de Salud Ñuble,Perteneciente al Sistema Nacional de Servicios de Salud,Centro de Salud Familiar (CESFAM),Establecimiento de Salud,Centro de Salud Familiar,Municipal,Primario,16105,Pemuco,Calle,1086,Padre Jorge Herrera,422653041,,NO,No Aplica,No Aplica,-36.97812,-72.09074,Público,Vigente en Operación Habitual,Baja Complejidad,Atención Abierta-Ambulatoria,
1341,200832,SUR Pemuco,17-915,17-310,117310.0,16,Región de Ñuble,17,Servicio de Salud Ñuble,Perteneciente al Sistema Nacional de Servicios de Salud,Servicio de Urgencia Rural (SUR),Establecimiento de Salud,No Aplica,Municipal,Primario,16105,Pemuco,Calle,1086,Padre Jorge Herrera,422653041,,SI,Urgencia Ambulatoria (SUR),No Aplica,-36.978088,-72.090602,Público,Vigente en Operación Habitual,Baja Complejidad,Atención Abierta-Ambulatoria,
1351,117473,Posta de Salud Rural Capilla Sur,17-473,,,16,Región de Ñuble,17,Servicio de Salud Ñuble,Perteneciente al Sistema Nacional de Servicios de Salud,Posta de Salud Rural (PSR),Establecimiento de Salud,No Aplica,Municipal,Primario,16104,El Carmen,Calle,,Sector Capilla Sur,,,NO,No Aplica,No Aplica,-36.95312,-71.78529,Público,Vigente en Operación Habitual,Baja Complejidad,Atención Abierta-Ambulatoria,
1353,117431,Posta de Salud Rural Gral. Cruz,17-431,,,16,Región de Ñuble,17,Servicio de Salud Ñuble,Perteneciente al Sistema Nacional de Servicios de Salud,Posta de Salud Rural (PSR),Establecimiento de Salud,No Aplica,Municipal,Primario,16105,Pemuco,Calle,,Aldea General Cruz,,,NO,No Aplica,No Aplica,-36.937433,-72.352542,Público,Vigente en Operación Habitual,Baja Complejidad,Atención Abierta-Ambulatoria,
1355,117435,Posta de Salud Rural Trehualemu,17-435,,,16,Región de Ñuble,17,Servicio de Salud Ñuble,Perteneciente al Sistema Nacional de Servicios de Salud,Posta de Salud Rural (PSR),Establecimiento de Salud,No Aplica,Municipal,Primario,16104,El Carmen,Calle,,Sector Trehualemu,,,NO,No Aplica,No Aplica,-36.932195,-71.869185,Público,Vigente en Operación Habitual,Baja Complejidad,Atención Abierta-Ambulatoria,
1361,117472,Posta de Salud Rural Chancal,17-472,,,16,Región de Ñuble,17,Servicio de Salud Ñuble,Perteneciente al Sistema Nacional de Servicios de Salud,Posta de Salud Rural (PSR),Establecimiento de Salud,No Aplica,Municipal,Primario,16107,Quillón,Calle,,Sector Chancal,,,NO,No Aplica,No Aplica,-36.918655,-72.554337,Público,Vigente en Operación Habitual,Baja Complejidad,Atención Abierta-Ambulatoria,
1362,117457,Posta de Salud Rural Capilla Norte,17-457,,,16,Región de Ñuble,17,Servicio de Salud Ñuble,Perteneciente al Sistema Nacional de Servicios de Salud,Posta de Salud Rural (PSR),Establecimiento de Salud,No Aplica,Municipal,Primario,16104,El Carmen,Calle,,Sector Capilla Norte,,,NO,No Aplica,No Aplica,-36.91785,-71.80548,Público,Vigente en Operación Habitual,Baja Complejidad,Atención Abierta-Ambulatoria,
1363,117107,Hospital Comunitario de Salud Familiar de El Carmen,17-107,,,16,Región de Ñuble,17,Servicio de Salud Ñuble,Perteneciente al Sistema Nacional de Servicios de Salud,Hospital,Establecimiento de Salud,No Aplica,Servicio de Salud,Primario,16104,El Carmen,Calle,448,Isabel Riquelme,422585710,,SI,Urgencia Hospitalaria (UEH),No Aplica,-36.89802,-72.03487,Público,Vigente en Operación Habitual,Baja Complejidad,Atención Cerrada-Hospitalaria,
1365,117438,Posta de Salud Rural Huemul,17-438,,,16,Región de Ñuble,17,Servicio de Salud Ñuble,Perteneciente al Sistema Nacional de Servicios de Salud,Posta de Salud Rural (PSR),Establecimiento de Salud,No Aplica,Municipal,Primario,16104,El Carmen,Calle,,Sector Huemul,,,NO,No Aplica,No Aplica,-36.89697,-71.81535,Público,Vigente en Operación Habitual,Baja Complejidad,Atención Abierta-Ambulatoria,
1366,117474,Posta de Salud Rural Agua Santa,17-474,,,16,Región de Ñuble,17,Servicio de Salud Ñuble,Perteneciente al Sistema Nacional de Servicios de Salud,Posta de Salud Rural (PSR),Establecimiento de Salud,No Aplica,Municipal,Primario,16104,El Carmen,Calle,,Sector Agua Santa,,,NO,No Aplica,No Aplica,-36.89613,-71.77485,Público,Vigente en Operación Habitual,Baja Complejidad,Atención Abierta-Ambulatoria,
1367,117448,Posta de Salud Rural Liucura Alto,17-448,,,16,Región de Ñuble,17,Servicio de Salud Ñuble,Perteneciente al Sistema Nacional de Servicios de Salud,Posta de Salud Rural (PSR),Establecimiento de Salud,No Aplica,Municipal,Primario,16107,Quillón,Calle,,Sector Liucura Alto,,,NO,No Aplica,No Aplica,-36.893241,-72.42938,Público,Vigente en Operación Habitual,Baja Complejidad,Atención Abierta-Ambulatoria,
1370,117455,Centro de Salud Familiar Pueblo Seco,17-455,,,16,Región de Ñuble,17,Servicio de Salud Ñuble,Perteneciente al Sistema Nacional de Servicios de Salud,Centro de Salud Familiar (CESFAM),Establecimiento de Salud,Centro de Salud Familiar,Municipal,Primario,16108,San Ignacio,Calle,,Pueblo Seco,,,NO,No Aplica,No Aplica,-36.879051,-72.087959,Público,Vigente en Operación Habitual,Baja Complejidad,Atención Abierta-Ambulatoria,
1371,117476,Posta de Salud Rural Las Hormigas,17-476,,,16,Región de Ñuble,17,Servicio de Salud Ñuble,Perteneciente al Sistema Nacional de Servicios de Salud,Posta de Salud Rural (PSR),Establecimiento de Salud,No Aplica,Municipal,Primario,16104,El Carmen,Calle,,Sector Las Hormigas,,,NO,No Aplica,No Aplica,-36.87134,-71.74159,Público,Vigente en Operación Habitual,Baja Complejidad,Atención Abierta-Ambulatoria,
1372,117437,Posta de Salud Rural San Vicente (El Carmen),17-437,,,16,Región de Ñuble,17,Servicio de Salud Ñuble,Perteneciente al Sistema Nacional de Servicios de Salud,Posta de Salud Rural (PSR),Establecimiento de Salud,No Aplica,Municipal,Primario,16104,El Carmen,Calle,,Sector San Vicente,,,NO,No Aplica,No Aplica,-36.85906,-71.80213,Público,Vigente en Operación Habitual,Baja Complejidad,Atención Abierta-Ambulatoria,
1375,117454,Posta de Salud Rural El Calvario,17-454,,,16,Región de Ñuble,17,Servicio de Salud Ñuble,Perteneciente al Sistema Nacional de Servicios de Salud,Posta de Salud Rural (PSR),Establecimiento de Salud,No Aplica,Municipal,Primario,16108,San Ignacio,Calle,,Caserío El Calvario,,,NO,No Aplica,No Aplica,-36.846459,-71.900979,Público,Vigente en Operación Habitual,Baja Complejidad,Atención Abierta-Ambulatoria,
1378,117409,Posta de Salud Rural Recinto,17-409,,,16,Región de Ñuble,17,Servicio de Salud Ñuble,Perteneciente al Sistema Nacional de Servicios de Salud,Posta de Salud Rural (PSR),Establecimiento de Salud,No Aplica,Municipal,Primario,16106,Pinto,Calle,,Pueblo Recinto - Los Lleuques,,,NO,No Aplica,No Aplica,-36.84335,-71.65908,Público,Vigente en Operación Habitual,Baja Complejidad,Atención Abierta-Ambulatoria,
1380,200839,SUR Quiriquina,17-922,17-319,117319.0,16,Región de Ñuble,17,Servicio de Salud Ñuble,Perteneciente al Sistema Nacional de Servicios de Salud,Servicio de Urgencia Rural (SUR),Establecimiento de Salud,No Aplica,Municipal,Primario,16108,San Ignacio,Calle,,Central Quiriquina,421975403,,SI,Urgencia Ambulatoria (SUR),No Aplica,-36.843283,-72.102638,Público,Vigente en Operación Habitual,Baja Complejidad,Atención Abierta-Ambulatoria,
1383,117319,Centro de Salud Familiar Quiriquina,17-319,,,16,Región de Ñuble,17,Servicio de Salud Ñuble,Perteneciente al Sistema Nacional de Servicios de Salud,Centro de Salud Familiar (CESFAM),Establecimiento de Salud,Centro de Salud Familiar,Municipal,Primario,16108,San Ignacio,Calle,,Central Quiriquina,421975403,,NO,No Aplica,No Aplica,-36.843297,-72.102545,Público,Vigente en Operación Habitual,Baja Complejidad,Atención Abierta-Ambulatoria,
1384,117436,Posta de Salud Rural Pedregal de Zapallar,17-436,,,16,Región de Ñuble,17,Servicio de Salud Ñuble,Perteneciente al Sistema Nacional de Servicios de Salud,Posta de Salud Rural (PSR),Establecimiento de Salud,No Aplica,Municipal,Primario,16104,El Carmen,Calle,,Caserío de Zapallar - Pedregal,,,NO,No Aplica,No Aplica,-36.84251,-71.80011,Público,Vigente en Operación Habitual,Baja Complejidad,Atención Abierta-Ambulatoria,
1393,117706,Centro Comunitario de Salud Familiar El Casino,17-706,17-306,117306.0,16,Región de Ñuble,17,Servicio de Salud Ñuble,Perteneciente al Sistema Nacional de Servicios de Salud,Centro Comunitario de Salud Familiar (CECOSF),Establecimiento de Salud,No Aplica,Municipal,Primario,16107,Quillón,Calle,,"Sector Casino, Cerro Negro",,17-03-2008,NO,No Aplica,No Aplica,-36.83427,-72.43146,Público,Vigente en Operación Habitual,Baja Complejidad,Atención Abierta-Ambulatoria,
1411,117326,Centro de Salud Familiar Santa Clara,17-326,,,16,Región de Ñuble,17,Servicio de Salud Ñuble,Perteneciente al Sistema Nacional de Servicios de Salud,Centro de Salud Familiar (CESFAM),Establecimiento de Salud,Centro de Salud Familiar,Municipal,Primario,16102,Bulnes,Calle,,Las Rosas,422641152,,NO,No Aplica,No Aplica,-36.82861,-72.33409,Público,Vigente en Operación Habitual,Baja Complejidad,Atención Abierta-Ambulatoria,
1415,200840,SUR Santa Clara,17-923,17-326,117326.0,16,Región de Ñuble,17,Servicio de Salud Ñuble,Perteneciente al Sistema Nacional de Servicios de Salud,Servicio de Urgencia Rural (SUR),Establecimiento de Salud,No Aplica,Municipal,Primario,16102,Bulnes,Calle,,Las Rosas,422641152,,SI,Urgencia Ambulatoria (SUR),No Aplica,-36.828547,-72.33321,Público,Vigente en Operación Habitual,Baja Complejidad,Atención Abierta-Ambulatoria,
1464,117308,CESFAM DR. ALFONSO PARRA CARRIEL,17-308,,,16,Región de Ñuble,17,Servicio de Salud Ñuble,Perteneciente al Sistema Nacional de Servicios de Salud,Centro de Salud Familiar (CESFAM),Establecimiento de Salud,Centro de Salud Familiar,Municipal,Primario,16108,San Ignacio,Calle,,M.J. Ortiz,421970631,,NO,No Aplica,No Aplica,-36.79861,-72.03211,Público,Vigente en Operación Habitual,Baja Complejidad,Atención Abierta-Ambulatoria,
1465,200830,SUR San Ignacio,17-913,17-308,117308.0,16,Región de Ñuble,17,Servicio de Salud Ñuble,Perteneciente al Sistema Nacional de Servicios de Salud,Servicio de Urgencia Rural (SUR),Establecimiento de Salud,No Aplica,Municipal,Primario,16108,San Ignacio,Calle,,M.J. Ortiz,421970631,,SI,Urgencia Ambulatoria (SUR),No Aplica,-36.798538,-72.032209,Público,Vigente en Operación Habitual,Baja Complejidad,Atención Abierta-Ambulatoria,
1475,117426,Centro Comunitario de Salud Familiar Tres Esquinas,17-426,17-326,117326.0,16,Región de Ñuble,17,Servicio de Salud Ñuble,Perteneciente al Sistema Nacional de Servicios de Salud,Centro Comunitario de Salud Familiar (CECOSF),Establecimiento de Salud,No Aplica,Municipal,Primario,16102,Bulnes,Calle,,"El Laurel, Villa El sauce, sector Tres Esquinas",,13-06-2011,NO,No Aplica,No Aplica,-36.78792,-72.21127,Público,Vigente en Operación Habitual,Baja Complejidad,Atención Abierta-Ambulatoria,
1484,117469,Posta de Salud Rural Ciruelito,17-469,,,16,Región de Ñuble,17,Servicio de Salud Ñuble,Perteneciente al Sistema Nacional de Servicios de Salud,Posta de Salud Rural (PSR),Establecimiento de Salud,No Aplica,Municipal,Primario,16106,Pinto,Calle,,Sector Ciruelito,,,NO,No Aplica,No Aplica,-36.7725,-71.82028,Público,Vigente en Operación Habitual,Baja Complejidad,Atención Abierta-Ambulatoria,
1491,117449,Posta de Salud Rural Juan Enrique Mora,17-449,,,16,Región de Ñuble,17,Servicio de Salud Ñuble,Perteneciente al Sistema Nacional de Servicios de Salud,Posta de Salud Rural (PSR),Establecimiento de Salud,No Aplica,Municipal,Primario,16107,Quillón,Calle,,Aldea Coyanco,,,NO,No Aplica,No Aplica,-36.74609,-72.52045,Público,Vigente en Operación Habitual,Baja Complejidad,Atención Abierta-Ambulatoria,
1497,200828,SUR Quillón,17-911,17-306,117306.0,16,Región de Ñuble,17,Servicio de Salud Ñuble,Perteneciente al Sistema Nacional de Servicios de Salud,Servicio de Urgencia Rural (SUR),Establecimiento de Salud,No Aplica,Municipal,Primario,16107,Quillón,Calle,159,Francisco Unzueta,422581027,,SI,Urgencia Ambulatoria (SUR),No Aplica,-36.741424,-72.46883,Público,Vigente en Operación Habitual,Baja Complejidad,Atención Abierta-Ambulatoria,
1498,117306,Centro de Salud Familiar Dr. Alberto Gyhra Soto (Quillón),17-306,,,16,Región de Ñuble,17,Servicio de Salud Ñuble,Perteneciente al Sistema Nacional de Servicios de Salud,Centro de Salud Familiar (CESFAM),Establecimiento de Salud,Centro de Salud Familiar,Municipal,Primario,16107,Quillón,Calle,159,Francisco Unzueta,422581027,,NO,No Aplica,No Aplica,-36.74576,-72.46769,Público,Vigente en Operación Habitual,Baja Complejidad,Atención Abierta-Ambulatoria,
1503,117103,Hospital Comunitario de Salud Familiar de Bulnes,17-103,,,16,Región de Ñuble,17,Servicio de Salud Ñuble,Perteneciente al Sistema Nacional de Servicios de Salud,Hospital,Establecimiento de Salud,No Aplica,Servicio de Salud,Primario,16102,Bulnes,Calle,431,Balmaceda,422585939,,SI,Urgencia Hospitalaria (UEH),No Aplica,-36.73971,-72.29642,Público,Vigente en Operación Habitual,Baja Complejidad,Atención Cerrada-Hospitalaria,
1507,117407,Posta de Salud Rural Tanilvoro,17-407,,,16,Región de Ñuble,17,Servicio de Salud Ñuble,Perteneciente al Sistema Nacional de Servicios de Salud,Posta de Salud Rural (PSR),Establecimiento de Salud,No Aplica,Municipal,Primario,16302,Coihueco,Calle,,Aldea de Tanilvoro,,,NO,No Aplica,No Aplica,-36.726,-71.82131,Público,Vigente en Operación Habitual,Baja Complejidad,Atención Abierta-Ambulatoria,
1519,117317,Centro de Salud Familiar Pinto,17-317,,,16,Región de Ñuble,17,Servicio de Salud Ñuble,Perteneciente al Sistema Nacional de Servicios de Salud,Centro de Salud Familiar (CESFAM),Establecimiento de Salud,Centro de Salud Familiar,Municipal,Primario,16106,Pinto,Calle,,Ernesto Riquelme,422484015,,NO,No Aplica,No Aplica,-36.70465,-71.8931,Público,Vigente en Operación Habitual,Baja Complejidad,Atención Abierta-Ambulatoria,
1520,200837,SUR Pinto,17-920,17-317,117317.0,16,Región de Ñuble,17,Servicio de Salud Ñuble,Perteneciente al Sistema Nacional de Servicios de Salud,Servicio de Urgencia Rural (SUR),Establecimiento de Salud,No Aplica,Municipal,Primario,16106,Pinto,Calle,,Ernesto Riquelme,422484015,,SI,Urgencia Ambulatoria (SUR),No Aplica,-36.704575,-71.893164,Público,Vigente en Operación Habitual,Baja Complejidad,Atención Abierta-Ambulatoria,
1524,117413,Posta de Salud Rural Rucapequén,17-413,,,16,Región de Ñuble,17,Servicio de Salud Ñuble,Perteneciente al Sistema Nacional de Servicios de Salud,Posta de Salud Rural (PSR),Establecimiento de Salud,No Aplica,Municipal,Primario,16103,Chillán Viejo,Calle,,Aldea de Rucapequén,,,NO,No Aplica,No Aplica,-36.671299,-72.279619,Público,Vigente en Operación Habitual,Baja Complejidad,Atención Abierta-Ambulatoria,
1525,117406,Posta de Salud Rural Minas del Prado,17-406,,,16,Región de Ñuble,17,Servicio de Salud Ñuble,Perteneciente al Sistema Nacional de Servicios de Salud,Posta de Salud Rural (PSR),Establecimiento de Salud,No Aplica,Municipal,Primario,16302,Coihueco,Calle,,Aldea Minas del Prado,,,NO,No Aplica,No Aplica,-36.664799,-71.706641,Público,Vigente en Operación Habitual,Baja Complejidad,Atención Abierta-Ambulatoria,
1526,117427,Posta de Salud Rural Nueva Aldea,17-427,,,16,Región de Ñuble,17,Servicio de Salud Ñuble,Perteneciente al Sistema Nacional de Servicios de Salud,Posta de Salud Rural (PSR),Establecimiento de Salud,No Aplica,Municipal,Primario,16206,Ránquil,Calle,,Caserío Nueva Aldea,,,NO,No Aplica,No Aplica,-36.65444,-72.45867,Público,Vigente en Operación Habitual,Baja Complejidad,Atención Abierta-Ambulatoria,
1527,117467,Posta de Salud Rural El Caracol,17-467,,,16,Región de Ñuble,17,Servicio de Salud Ñuble,Perteneciente al Sistema Nacional de Servicios de Salud,Posta de Salud Rural (PSR),Establecimiento de Salud,No Aplica,Municipal,Primario,16304,San Fabián,Calle,,Sector El Caracol,,,NO,No Aplica,No Aplica,-36.649791,-71.389733,Público,Vigente en Operación Habitual,Baja Complejidad,Atención Abierta-Ambulatoria,
1528,117322,Centro de Salud Familiar Quinchamalí,17-322,,,16,Región de Ñuble,17,Servicio de Salud Ñuble,Perteneciente al Sistema Nacional de Servicios de Salud,Centro de Salud Familiar (CESFAM),Establecimiento de Salud,Centro de Salud Familiar,Municipal,Primario,16101,Chillán,Calle,,Principal,422351071,,NO,No Aplica,No Aplica,-36.64804,-72.40316,Público,Vigente en Operación Habitual,Baja Complejidad,Atención Abierta-Ambulatoria,
1529,117414,Posta de Salud Rural Nebuco,17-414,,,16,Región de Ñuble,17,Servicio de Salud Ñuble,Perteneciente al Sistema Nacional de Servicios de Salud,Posta de Salud Rural (PSR),Establecimiento de Salud,No Aplica,Municipal,Primario,16103,Chillán Viejo,Calle,,Caserío de Nebuco,,,NO,No Aplica,No Aplica,-36.64756,-72.22296,Público,Vigente en Operación Habitual,Baja Complejidad,Atención Abierta-Ambulatoria,
1533,117318,Centro de Salud Familiar Michelle Chandía Alarcón,17-318,,,16,Región de Ñuble,17,Servicio de Salud Ñuble,Perteneciente al Sistema Nacional de Servicios de Salud,Centro de Salud Familiar (CESFAM),Establecimiento de Salud,Centro de Salud Familiar,Municipal,Primario,16302,Coihueco,Calle,1233,Eleuterio Ramirez,42 2 2471006,,NO,No Aplica,No Aplica,-36.625324,-71.828417,Público,Vigente en Operación Habitual,Baja Complejidad,Atención Abierta-Ambulatoria,
1534,117331,Centro de Salud Familiar Dra. Michelle Bachelet Jeria,17-331,,,16,Región de Ñuble,17,Servicio de Salud Ñuble,Perteneciente al Sistema Nacional de Servicios de Salud,Centro de Salud Familiar (CESFAM),Establecimiento de Salud,Centro de Salud Familiar,Municipal,Primario,16103,Chillán Viejo,Calle,1201,Huambalí,,,NO,No Aplica,No Aplica,-36.63022,-72.10677,Público,Vigente en Operación Habitual,Baja Complejidad,Atención Abierta-Ambulatoria,
1535,200718,SAR Dra. Michelle Bachelet Jeria,17-906,17-331,117331.0,16,Región de Ñuble,17,Servicio de Salud Ñuble,Perteneciente al Sistema Nacional de Servicios de Salud,Servicio de Atención Primaria de Urgencia de Alta Resolutividad (SAR),Establecimiento de Salud,No Aplica,Municipal,Primario,16103,Chillán Viejo,Calle,1211,Reino de Chile,422527880,15-04-2020,SI,Urgencia Ambulatoria (SAR),No Aplica,-36.630177,-72.10684,Público,Vigente en Operación Habitual,Baja Complejidad,Atención Abierta-Ambulatoria,
1537,117828,SAPU Dr. Federico Puga,17-828,17-328,117328.0,16,Región de Ñuble,17,Servicio de Salud Ñuble,Perteneciente al Sistema Nacional de Servicios de Salud,Servicio de Atención Primaria de Urgencia (SAPU),Establecimiento de Salud,No Aplica,Municipal,Primario,16103,Chillán Viejo,Calle,872,Erasmo Escala,422269596,,SI,Urgencia Ambulatoria (SAPU),Corto,-36.628726,-72.12819,Público,Vigente en Operación Habitual,Baja Complejidad,Atención Abierta-Ambulatoria,
1538,117799,Centro Comunitario de Salud Familiar Los Alpes,17-799,17-302,117302.0,16,Región de Ñuble,17,Servicio de Salud Ñuble,Perteneciente al Sistema Nacional de Servicios de Salud,Centro Comunitario de Salud Familiar (CECOSF),Establecimiento de Salud,No Aplica,Municipal,Primario,16101,Chillán,Pasaje,7,"Pasaje, Esquina Los Araucanos. Villa Los Alpes",422876185,,NO,No Aplica,No Aplica,-36.62871,-72.09164,Público,Vigente en Operación Habitual,Baja Complejidad,Atención Abierta-Ambulatoria,
1539,117328,Centro de Salud Familiar Dr. Federico Puga,17-328,,,16,Región de Ñuble,17,Servicio de Salud Ñuble,Perteneciente al Sistema Nacional de Servicios de Salud,Centro de Salud Familiar (CESFAM),Establecimiento de Salud,Centro de Salud Familiar,Municipal,Primario,16103,Chillán Viejo,Calle,872,Erasmo Escala,422263577,,NO,No Aplica,No Aplica,-36.62859,-72.12813,Público,Vigente en Operación Habitual,Baja Complejidad,Atención Abierta-Ambulatoria,
1540,117465,Posta de Salud Rural San Ignacio Palomares,17-465,,,16,Región de Ñuble,17,Servicio de Salud Ñuble,Perteneciente al Sistema Nacional de Servicios de Salud,Posta de Salud Rural (PSR),Establecimiento de Salud,No Aplica,Municipal,Primario,16206,Ránquil,Calle,,Caserío San Ignacio Palomares,,,NO,No Aplica,No Aplica,-36.626209,-72.604332,Público,Vigente en Operación Habitual,Baja Complejidad,Atención Abierta-Ambulatoria,
1541,117702,Centro Comunitario de Salud Familiar El Roble,17-702,17-302,117302.0,16,Región de Ñuble,17,Servicio de Salud Ñuble,Perteneciente al Sistema Nacional de Servicios de Salud,Centro Comunitario de Salud Familiar (CECOSF),Establecimiento de Salud,No Aplica,Municipal,Primario,16101,Chillán,Calle,745,Los Espinos,412587000,,NO,No Aplica,No Aplica,-36.62499,-72.1019,Público,Vigente en Operación Habitual,Baja Complejidad,Atención Abierta-Ambulatoria,
1542,117302,Centro de Salud Familiar San Ramón Nonato,17-302,,,16,Región de Ñuble,17,Servicio de Salud Ñuble,Perteneciente al Sistema Nacional de Servicios de Salud,Centro de Salud Familiar (CESFAM),Establecimiento de Salud,Centro de Salud Familiar,Municipal,Primario,16101,Chillán,Calle,,Colo Colo,800500823,,NO,No Aplica,No Aplica,-36.62476,-72.09734,Público,Vigente en Operación Habitual,Baja Complejidad,Atención Abierta-Ambulatoria,
1543,117304,Centro de Salud Familiar Isabel Riquelme,17-304,,,16,Región de Ñuble,17,Servicio de Salud Ñuble,Perteneciente al Sistema Nacional de Servicios de Salud,Centro de Salud Familiar (CESFAM),Establecimiento de Salud,Centro de Salud Familiar,Municipal,Primario,16101,Chillán,Calle,1661,O'Higgins,800500822,,NO,No Aplica,No Aplica,-36.61865,-72.11318,Público,Vigente en Operación Habitual,Baja Complejidad,Atención Abierta-Ambulatoria,
1544,200149,SAPU Isabel Riquelme,17-900,17-304,117304.0,16,Región de Ñuble,17,Servicio de Salud Ñuble,Perteneciente al Sistema Nacional de Servicios de Salud,Servicio de Atención Primaria de Urgencia (SAPU),Establecimiento de Salud,No Aplica,Municipal,Primario,16101,Chillán,Avenida,1679,O'Higgins,422426632,,SI,Urgencia Ambulatoria (SAPU),Corto,-36.618385,-72.118026,Público,Vigente en Operación Habitual,Baja Complejidad,Atención Abierta-Ambulatoria,
1545,117324,Centro de Salud Familiar Los Volcanes,17-324,,,16,Región de Ñuble,17,Servicio de Salud Ñuble,Perteneciente al Sistema Nacional de Servicios de Salud,Centro de Salud Familiar (CESFAM),Establecimiento de Salud,Centro de Salud Familiar,Municipal,Primario,16101,Chillán,Calle,155,Los Cóndores,,,NO,No Aplica,No Aplica,-36.61794,-72.08057,Público,Vigente en Operación Habitual,Baja Complejidad,Atención Abierta-Ambulatoria,
1546,117824,SAPU Los Volcanes,17-824,17-324,117324.0,16,Región de Ñuble,17,Servicio de Salud Ñuble,Perteneciente al Sistema Nacional de Servicios de Salud,Servicio de Atención Primaria de Urgencia (SAPU),Establecimiento de Salud,No Aplica,Municipal,Primario,16101,Chillán,Calle,155,Los Cóndores,422831400,,SI,Urgencia Ambulatoria (SAPU),Corto,-36.617897,-72.080762,Público,Vigente en Operación Habitual,Baja Complejidad,Atención Abierta-Ambulatoria,
1548,117601,COSAM Chillán,17-601,17-010,117010.0,16,Región de Ñuble,17,Servicio de Salud Ñuble,Perteneciente al Sistema Nacional de Servicios de Salud,Centro Comunitario de Salud Mental  (COSAM),Unidad de Atención,No Aplica,Municipal,Secundario,16101,Chillán,Calle,934,Collín,422876348,,NO,No Aplica,No Aplica,-36.616489,-72.100623,Público,Vigente en Operación Habitual,Mediana Complejidad,Atención Abierta-Ambulatoria,
1549,117330,Centro de Salud Familiar Sol de Oriente,17-330,,,16,Región de Ñuble,17,Servicio de Salud Ñuble,Perteneciente al Sistema Nacional de Servicios de Salud,Centro de Salud Familiar (CESFAM),Establecimiento de Salud,Centro de Salud Familiar,Municipal,Primario,16101,Chillán,Avenida,,Nueva Oriente,,,NO,No Aplica,No Aplica,-36.615357,-72.076326,Público,Vigente en Operación Habitual,Baja Complejidad,Atención Abierta-Ambulatoria,
1554,200261,Centro Comunitario de Salud Familiar Doña Isabel,17-902,17-304,117304.0,16,Región de Ñuble,17,Servicio de Salud Ñuble,Perteneciente al Sistema Nacional de Servicios de Salud,Centro Comunitario de Salud Familiar (CECOSF),Establecimiento de Salud,No Aplica,Municipal,Primario,16101,Chillán,Calle,1780,L. Arellano,422347586,31-08-2016,NO,No Aplica,No Aplica,-36.61336,-72.13223,Público,Vigente en Operación Habitual,Baja Complejidad,Atención Abierta-Ambulatoria,
1562,117301,Centro de Salud Familiar Violeta Parra,17-301,,,16,Región de Ñuble,17,Servicio de Salud Ñuble,Perteneciente al Sistema Nacional de Servicios de Salud,Centro de Salud Familiar (CESFAM),Establecimiento de Salud,Centro de Salud Familiar,Servicio de Salud,Primario,16101,Chillán,Calle,150,Francisco Ramírez,422587733,,NO,No Aplica,No Aplica,-36.60903,-72.0895,Público,Vigente en Operación Habitual,Baja Complejidad,Atención Abierta-Ambulatoria,
1563,117801,SAR Violeta Parra,17-801,17-301,117301.0,16,Región de Ñuble,17,Servicio de Salud Ñuble,Perteneciente al Sistema Nacional de Servicios de Salud,Servicio de Atención Primaria de Urgencia de Alta Resolutividad (SAR),Establecimiento de Salud,No Aplica,Servicio de Salud,Primario,16101,Chillán,Calle,150,Francisco Ramírez,,,SI,Urgencia Ambulatoria (SAR),No Aplica,-36.609007,-72.089845,Público,Vigente en Operación Habitual,Baja Complejidad,Atención Abierta-Ambulatoria,
1564,117101,Hospital Clínico Herminda Martín (Chillán),17-101,,,16,Región de Ñuble,17,Servicio de Salud Ñuble,Perteneciente al Sistema Nacional de Servicios de Salud,Hospital,Establecimiento de Salud,Autogestionado en Red (EAR),Servicio de Salud,Terciario,16101,Chillán,Calle,10,Francisco Ramírez,422586792,,SI,Urgencia Hospitalaria (UEH),No Aplica,-36.608831,-72.092671,Público,Vigente en Operación Habitual,Alta Complejidad,Atención Cerrada-Hospitalaria,
1565,200558,COSAM Ñuble,17-904,,,16,Región de Ñuble,17,Servicio de Salud Ñuble,Perteneciente al Sistema Nacional de Servicios de Salud,Centro Comunitario de Salud Mental  (COSAM),Establecimiento de Salud,No Aplica,Servicio de Salud,Secundario,16101,Chillán,Avenida,1163,Libertad,422588270,10-07-2018,NO,No Aplica,No Aplica,-36.608122,-72.09359,Público,Vigente en Operación Habitual,Baja Complejidad,Atención Abierta-Ambulatoria,
1566,117410,Posta de Salud Rural Huape,17-410,,,16,Región de Ñuble,17,Servicio de Salud Ñuble,Perteneciente al Sistema Nacional de Servicios de Salud,Posta de Salud Rural (PSR),Establecimiento de Salud,No Aplica,Municipal,Primario,16101,Chillán,Calle,,Sector Huape,,,NO,No Aplica,No Aplica,-36.60809,-72.26106,Público,Vigente en Operación Habitual,Baja Complejidad,Atención Abierta-Ambulatoria,
1568,117401,Posta de Salud Rural Talquipén,17-401,,,16,Región de Ñuble,17,Servicio de Salud Ñuble,Perteneciente al Sistema Nacional de Servicios de Salud,Posta de Salud Rural (PSR),Establecimiento de Salud,No Aplica,Municipal,Primario,16302,Coihueco,Calle,,Aldea de Talquipén,,,NO,No Aplica,No Aplica,-36.60791,-71.92795,Público,Vigente en Operación Habitual,Baja Complejidad,Atención Abierta-Ambulatoria,
1574,117030,Unidad de Salud Funcionario S.S Ñuble,17-030,,,16,Región de Ñuble,17,Servicio de Salud Ñuble,Perteneciente al Sistema Nacional de Servicios de Salud,Unidad de Salud Funcionarios,Unidad de Atención,No Aplica,Servicio de Salud,Secundario,16101,Chillán,Calle,502,Bulnes,,29-01-2021,NO,No Aplica,No Aplica,-36.605055,-72.103449,Público,Vigente en Operación Habitual,Baja Complejidad,Atención Abierta-Ambulatoria,
1575,117010,Actividades gestionadas por la Dirección del Servicio para apoyo de la Red (S.S de Ñuble),17-010,,,16,Región de Ñuble,17,Servicio de Salud Ñuble,Perteneciente al Sistema Nacional de Servicios de Salud,Dirección Servicio de Salud,Unidad de Atención,No Aplica,Servicio de Salud,No Aplica,16101,Chillán,Calle,502,Bulnes,,,NO,No Aplica,No Aplica,-36.605055,-72.103449,Público,Vigente en Operación Habitual,Baja Complejidad,Atención Abierta-Ambulatoria,
1576,117011,PRAIS (S.S Ñuble),17-011,17-010,117010.0,16,Región de Ñuble,17,Servicio de Salud Ñuble,Perteneciente al Sistema Nacional de Servicios de Salud,Programa de Reparación y Atención Integral de Salud (PRAIS),Programa de Atención,No Aplica,Servicio de Salud,No Aplica,16101,Chillán,Calle,502,Bulnes,,,NO,No Aplica,No Aplica,-36.605055,-72.103449,Público,Vigente en Operación Habitual,Baja Complejidad,Atención Abierta-Ambulatoria,
1578,117316,Centro de Salud Familiar Ñipas,17-316,,,16,Región de Ñuble,17,Servicio de Salud Ñuble,Perteneciente al Sistema Nacional de Servicios de Salud,Centro de Salud Familiar (CESFAM),Establecimiento de Salud,Centro de Salud Familiar,Municipal,Primario,16206,Ránquil,Calle,392,Pedro Aguirre Cerda,422434739,,NO,No Aplica,No Aplica,-36.60412,-72.53642,Público,Vigente en Operación Habitual,Baja Complejidad,Atención Abierta-Ambulatoria,
1579,200836,SUR Ñipas,17-919,17-316,117316.0,16,Región de Ñuble,17,Servicio de Salud Ñuble,Perteneciente al Sistema Nacional de Servicios de Salud,Servicio de Urgencia Rural (SUR),Establecimiento de Salud,No Aplica,Municipal,Primario,16206,Ránquil,Calle,392,Pedro Aguirre Cerda,422434739,,SI,Urgencia Ambulatoria (SUR),No Aplica,-36.604107,-72.536427,Público,Vigente en Operación Habitual,Baja Complejidad,Atención Abierta-Ambulatoria,
1586,117447,Posta de Salud Rural Cucha Cox,17-447,,,16,Región de Ñuble,17,Servicio de Salud Ñuble,Perteneciente al Sistema Nacional de Servicios de Salud,Posta de Salud Rural (PSR),Establecimiento de Salud,No Aplica,Municipal,Primario,16205,Portezuelo,Calle,,Sector Cucha Cox,,,NO,No Aplica,No Aplica,-36.6003,-72.39071,Público,Vigente en Operación Habitual,Baja Complejidad,Atención Abierta-Ambulatoria,
1587,117701,Centro Comunitario de Salud Familiar Padre Hurtado,17-701,17-301,117301.0,16,Región de Ñuble,17,Servicio de Salud Ñuble,Perteneciente al Sistema Nacional de Servicios de Salud,Centro Comunitario de Salud Familiar (CECOSF),Establecimiento de Salud,No Aplica,Servicio de Salud,Primario,16101,Chillán,Calle,,Padre Hurtado,412587010,,NO,No Aplica,No Aplica,-36.59729,-72.10102,Público,Vigente en Operación Habitual,Baja Complejidad,Atención Abierta-Ambulatoria,
1588,117403,Posta de Salud Rural Bustamante,17-403,,,16,Región de Ñuble,17,Servicio de Salud Ñuble,Perteneciente al Sistema Nacional de Servicios de Salud,Posta de Salud Rural (PSR),Establecimiento de Salud,No Aplica,Municipal,Primario,16302,Coihueco,Calle,,Aldea de Bustamante,,,NO,No Aplica,No Aplica,-36.59078,-71.7649,Público,Vigente en Operación Habitual,Baja Complejidad,Atención Abierta-Ambulatoria,
1589,117439,Posta de Salud Rural Ranguelmo,17-439,,,16,Región de Ñuble,17,Servicio de Salud Ñuble,Perteneciente al Sistema Nacional de Servicios de Salud,Posta de Salud Rural (PSR),Establecimiento de Salud,No Aplica,Municipal,Primario,16203,Coelemu,Calle,,Aldea de Ranguelmo,,,NO,No Aplica,No Aplica,-36.58007,-72.76313,Público,Vigente en Operación Habitual,Baja Complejidad,Atención Abierta-Ambulatoria,
1590,117442,Posta de Salud Rural Guarilihue,17-442,,,16,Región de Ñuble,17,Servicio de Salud Ñuble,Perteneciente al Sistema Nacional de Servicios de Salud,Posta de Salud Rural (PSR),Establecimiento de Salud,No Aplica,Municipal,Primario,16203,Coelemu,Calle,,Aldea de Guarilihue Bajo,,,NO,No Aplica,No Aplica,-36.57478,-72.69459,Público,Vigente en Operación Habitual,Baja Complejidad,Atención Abierta-Ambulatoria,
1593,117309,Centro de Salud Familiar San Fabián,17-309,,,16,Región de Ñuble,17,Servicio de Salud Ñuble,Perteneciente al Sistema Nacional de Servicios de Salud,Centro de Salud Familiar (CESFAM),Establecimiento de Salud,Centro de Salud Familiar,Municipal,Primario,16304,San Fabián,Calle,,21 de Mayo,422375131,,NO,No Aplica,No Aplica,-36.55429,-71.55393,Público,Vigente en Operación Habitual,Baja Complejidad,Atención Abierta-Ambulatoria,
1594,117405,Posta de Salud Rural Capilla Cato,17-405,,,16,Región de Ñuble,17,Servicio de Salud Ñuble,Perteneciente al Sistema Nacional de Servicios de Salud,Posta de Salud Rural (PSR),Establecimiento de Salud,No Aplica,Municipal,Primario,16101,Chillán,Calle,,Sector Capilla Cato,,,NO,No Aplica,No Aplica,-36.55469,-71.976829,Público,Vigente en Operación Habitual,Baja Complejidad,Atención Abierta-Ambulatoria,
1595,200831,SUR San Fabián,17-914,17-309,117309.0,16,Región de Ñuble,17,Servicio de Salud Ñuble,Perteneciente al Sistema Nacional de Servicios de Salud,Servicio de Urgencia Rural (SUR),Establecimiento de Salud,No Aplica,Municipal,Primario,16304,San Fabián,Calle,,21 de Mayo,422375131,,SI,Urgencia Ambulatoria (SUR),No Aplica,-36.554259,-71.553989,Público,Vigente en Operación Habitual,Baja Complejidad,Atención Abierta-Ambulatoria,
1598,117325,Centro de Salud Familiar Luis Montecinos,17-325,,,16,Región de Ñuble,17,Servicio de Salud Ñuble,Perteneciente al Sistema Nacional de Servicios de Salud,Centro de Salud Familiar (CESFAM),Establecimiento de Salud,Centro de Salud Familiar,Municipal,Primario,16302,Coihueco,Calle,631,18 de Septiembre,422471006,,NO,No Aplica,No Aplica,-36.544843,-71.781297,Público,Vigente en Operación Habitual,Baja Complejidad,Atención Abierta-Ambulatoria,
1599,117471,Posta de Salud Rural Puente Ñuble,17-471,,,16,Región de Ñuble,17,Servicio de Salud Ñuble,Perteneciente al Sistema Nacional de Servicios de Salud,Posta de Salud Rural (PSR),Establecimiento de Salud,No Aplica,Municipal,Primario,16305,San Nicolás,Calle,,Pueblo de Puente Ñuble,,,NO,No Aplica,No Aplica,-36.54236,-72.08522,Público,Vigente en Operación Habitual,Baja Complejidad,Atención Abierta-Ambulatoria,
1600,117305,Centro de Salud Familiar Portezuelo,17-305,,,16,Región de Ñuble,17,Servicio de Salud Ñuble,Perteneciente al Sistema Nacional de Servicios de Salud,Centro de Salud Familiar (CESFAM),Establecimiento de Salud,Centro de Salud Familiar,Municipal,Primario,16205,Portezuelo,Calle,150,San Martín,422571096,,NO,No Aplica,No Aplica,-36.52974,-72.42895,Público,Vigente en Operación Habitual,Baja Complejidad,Atención Abierta-Ambulatoria,
1601,200827,SUR Portezuelo,17-910,17-305,117305.0,16,Región de Ñuble,17,Servicio de Salud Ñuble,Perteneciente al Sistema Nacional de Servicios de Salud,Servicio de Urgencia Rural (SUR),Establecimiento de Salud,No Aplica,Municipal,Primario,16205,Portezuelo,Calle,150,San Martín,422571096,,SI,Urgencia Ambulatoria (SUR),No Aplica,-36.529724,-72.428872,Público,Vigente en Operación Habitual,Baja Complejidad,Atención Abierta-Ambulatoria,
1602,117423,Posta de Salud Rural Monte Blanco,17-423,,,16,Región de Ñuble,17,Servicio de Salud Ñuble,Perteneciente al Sistema Nacional de Servicios de Salud,Posta de Salud Rural (PSR),Establecimiento de Salud,No Aplica,Municipal,Primario,16301,San Carlos,Calle,,Aldea Monte Blanco,,,NO,No Aplica,No Aplica,-36.50257,-71.91196,Público,Vigente en Operación Habitual,Baja Complejidad,Atención Abierta-Ambulatoria,
1603,200833,SUR San Nicolás,17-916,17-312,117312.0,16,Región de Ñuble,17,Servicio de Salud Ñuble,Perteneciente al Sistema Nacional de Servicios de Salud,Servicio de Urgencia Rural (SUR),Establecimiento de Salud,No Aplica,Municipal,Primario,16305,San Nicolás,Calle,,Arturo Prat,422561414,,SI,Urgencia Ambulatoria (SUR),No Aplica,-36.499022,-72.212254,Público,Vigente en Operación Habitual,Baja Complejidad,Atención Abierta-Ambulatoria,
1604,117312,Centro de Salud Familiar San Nicolás,17-312,,,16,Región de Ñuble,17,Servicio de Salud Ñuble,Perteneciente al Sistema Nacional de Servicios de Salud,Centro de Salud Familiar (CESFAM),Establecimiento de Salud,Centro de Salud Familiar,Municipal,Primario,16305,San Nicolás,Calle,,Arturo Prat,422561414,,NO,No Aplica,No Aplica,-36.49902,-72.21226,Público,Vigente en Operación Habitual,Baja Complejidad,Atención Abierta-Ambulatoria,
1605,117444,Posta de Salud Rural Denecan,17-444,,,16,Región de Ñuble,17,Servicio de Salud Ñuble,Perteneciente al Sistema Nacional de Servicios de Salud,Posta de Salud Rural (PSR),Establecimiento de Salud,No Aplica,Municipal,Primario,16207,Treguaco,Calle,,Caserío Denecan,,,NO,No Aplica,No Aplica,-36.49644,-72.66301,Público,Vigente en Operación Habitual,Baja Complejidad,Atención Abierta-Ambulatoria,
1606,117108,Hospital Comunitario de Salud Familiar Dr. Eduardo Contreras Trabucco de Coelemu,17-108,,,16,Región de Ñuble,17,Servicio de Salud Ñuble,Perteneciente al Sistema Nacional de Servicios de Salud,Hospital,Establecimiento de Salud,No Aplica,Servicio de Salud,Primario,16203,Coelemu,Calle,370,Manuel Antonio Matta,422585564,,SI,Urgencia Hospitalaria (UEH),No Aplica,-36.49027,-72.70531,Público,Vigente en Operación Habitual,Baja Complejidad,Atención Cerrada-Hospitalaria,
1608,117416,Posta de Salud Rural Rivera de Ñuble,17-416,,,16,Región de Ñuble,17,Servicio de Salud Ñuble,Perteneciente al Sistema Nacional de Servicios de Salud,Posta de Salud Rural (PSR),Establecimiento de Salud,No Aplica,Municipal,Primario,16301,San Carlos,Calle,,Aldea de Rivera Ñuble,,,NO,No Aplica,No Aplica,-36.47914,-71.7562,Público,Vigente en Operación Habitual,Baja Complejidad,Atención Abierta-Ambulatoria,
1609,117459,Posta de Salud Rural Capellanía,17-459,,,16,Región de Ñuble,17,Servicio de Salud Ñuble,Perteneciente al Sistema Nacional de Servicios de Salud,Posta de Salud Rural (PSR),Establecimiento de Salud,No Aplica,Municipal,Primario,16205,Portezuelo,Calle,,Sector Capellanía,,,NO,No Aplica,No Aplica,-36.470246,-72.520037,Público,Vigente en Operación Habitual,Baja Complejidad,Atención Abierta-Ambulatoria,
1610,117446,Posta de Salud Rural Minas de Leuque,17-446,,,16,Región de Ñuble,17,Servicio de Salud Ñuble,Perteneciente al Sistema Nacional de Servicios de Salud,Posta de Salud Rural (PSR),Establecimiento de Salud,No Aplica,Municipal,Primario,16207,Treguaco,Calle,,Sector Minas de Leuque,,,NO,No Aplica,No Aplica,-36.471083,-72.6107,Público,Vigente en Operación Habitual,Baja Complejidad,Atención Abierta-Ambulatoria,
1611,117433,Posta de Salud Rural El Sauce (Ninhue),17-433,,,16,Región de Ñuble,17,Servicio de Salud Ñuble,Perteneciente al Sistema Nacional de Servicios de Salud,Posta de Salud Rural (PSR),Establecimiento de Salud,No Aplica,Municipal,Primario,16204,Ninhue,Calle,,Sector El Sauce,,,NO,No Aplica,No Aplica,-36.46923,-72.38875,Público,Vigente en Operación Habitual,Baja Complejidad,Atención Abierta-Ambulatoria,
1612,117415,Centro Comunitario de Salud Familiar Cachapoal,17-415,17-311,117311.0,16,Región de Ñuble,17,Servicio de Salud Ñuble,Perteneciente al Sistema Nacional de Servicios de Salud,Centro Comunitario de Salud Familiar (CECOSF),Establecimiento de Salud,No Aplica,Municipal,Primario,16301,San Carlos,Calle,,"Ruta Nº 31, Km. 20, Sector Cachapoal",,19-04-2016,NO,No Aplica,No Aplica,-36.46276,-71.73294,Público,Vigente en Operación Habitual,Baja Complejidad,Atención Abierta-Ambulatoria,
1613,117327,Centro de Salud Familiar Treguaco,17-327,,,16,Región de Ñuble,17,Servicio de Salud Ñuble,Perteneciente al Sistema Nacional de Servicios de Salud,Centro de Salud Familiar (CESFAM),Establecimiento de Salud,Centro de Salud Familiar,Municipal,Primario,16207,Treguaco,Calle,286,Luis Lama,422511605,,NO,No Aplica,No Aplica,-36.43025,-72.67121,Público,Vigente en Operación Habitual,Baja Complejidad,Atención Abierta-Ambulatoria,
1614,200841,SUR Treguaco,17-924,17-327,117327.0,16,Región de Ñuble,17,Servicio de Salud Ñuble,Perteneciente al Sistema Nacional de Servicios de Salud,Servicio de Urgencia Rural (SUR),Establecimiento de Salud,No Aplica,Municipal,Primario,16207,Treguaco,Calle,286,Luis Lama,422511605,,SI,Urgencia Ambulatoria (SUR),No Aplica,-36.430229,-72.671242,Público,Vigente en Operación Habitual,Baja Complejidad,Atención Abierta-Ambulatoria,
1615,117102,Hospital de San Carlos,17-102,,,16,Región de Ñuble,17,Servicio de Salud Ñuble,Perteneciente al Sistema Nacional de Servicios de Salud,Hospital,Establecimiento de Salud,Autogestionado en Red (EAR),Servicio de Salud,Terciario,16301,San Carlos,Calle,448,Gazmuri,422586192,,SI,Urgencia Hospitalaria (UEH),No Aplica,-36.429931,-71.959831,Público,Vigente en Operación Habitual,Alta Complejidad,Atención Cerrada-Hospitalaria,
1616,117329,Centro de Salud Familiar Teresa Baldechi,17-329,,,16,Región de Ñuble,17,Servicio de Salud Ñuble,Perteneciente al Sistema Nacional de Servicios de Salud,Centro de Salud Familiar (CESFAM),Establecimiento de Salud,Centro de Salud Familiar,Municipal,Primario,16301,San Carlos,Calle,,Arturo Prat,422416920,,NO,No Aplica,No Aplica,-36.42946,-71.95901,Público,Vigente en Operación Habitual,Baja Complejidad,Atención Abierta-Ambulatoria,
1619,117729,Centro Comunitario de Salud Familiar Valle Hondo,17-729,17-329,117329.0,16,Región de Ñuble,17,Servicio de Salud Ñuble,Perteneciente al Sistema Nacional de Servicios de Salud,Centro Comunitario de Salud Familiar (CECOSF),Establecimiento de Salud,No Aplica,Municipal,Primario,16301,San Carlos,Pasaje,,Cabrales,,,NO,No Aplica,No Aplica,-36.422433,-71.951189,Público,Vigente en Operación Habitual,Baja Complejidad,Atención Abierta-Ambulatoria,
1620,117811,SAPU José Durán Trujillo,17-811,17-311,117311.0,16,Región de Ñuble,17,Servicio de Salud Ñuble,Perteneciente al Sistema Nacional de Servicios de Salud,Servicio de Atención Primaria de Urgencia (SAPU),Establecimiento de Salud,No Aplica,Municipal,Primario,16301,San Carlos,Pasaje,470,Las Acacias,422415410,,SI,Urgencia Ambulatoria (SAPU),Corto,-36.41841,-71.969248,Público,Vigente en Operación Habitual,Baja Complejidad,Atención Abierta-Ambulatoria,
1621,117311,Centro de Salud Familiar Dr. José Duran Trujillo,17-311,,,16,Región de Ñuble,17,Servicio de Salud Ñuble,Perteneciente al Sistema Nacional de Servicios de Salud,Centro de Salud Familiar (CESFAM),Establecimiento de Salud,Centro de Salud Familiar,Municipal,Primario,16301,San Carlos,Calle,470,Las Acacias,422415410,,NO,No Aplica,No Aplica,-36.41837,-71.96942,Público,Vigente en Operación Habitual,Baja Complejidad,Atención Abierta-Ambulatoria,
1622,117602,COSAM San Carlos,17-602,17-311,117311.0,16,Región de Ñuble,17,Servicio de Salud Ñuble,Perteneciente al Sistema Nacional de Servicios de Salud,Centro Comunitario de Salud Mental  (COSAM),Unidad de Atención,No Aplica,Servicio de Salud,Secundario,16301,San Carlos,Calle,465,O'Higgins,422411865,,NO,No Aplica,No Aplica,-36.418337,-71.969584,Público,Vigente en Operación Habitual,Mediana Complejidad,Atención Abierta-Ambulatoria,
1623,117470,Posta de Salud Rural Trabuncura,17-470,,,16,Región de Ñuble,17,Servicio de Salud Ñuble,Perteneciente al Sistema Nacional de Servicios de Salud,Posta de Salud Rural (PSR),Establecimiento de Salud,No Aplica,Municipal,Primario,16304,San Fabián,Calle,,Sector Trabuncura,,,NO,No Aplica,No Aplica,-36.40534,-71.62036,Público,Vigente en Operación Habitual,Baja Complejidad,Atención Abierta-Ambulatoria,
1624,117445,Posta de Salud Rural Vegas de Itata,17-445,,,16,Región de Ñuble,17,Servicio de Salud Ñuble,Perteneciente al Sistema Nacional de Servicios de Salud,Posta de Salud Rural (PSR),Establecimiento de Salud,No Aplica,Municipal,Primario,16203,Coelemu,Calle,,Aldea de Vegas de Itata,,,NO,No Aplica,No Aplica,-36.4009,-72.85002,Público,Vigente en Operación Habitual,Baja Complejidad,Atención Abierta-Ambulatoria,
1625,117464,Posta de Salud Rural Zemita,17-464,,,16,Región de Ñuble,17,Servicio de Salud Ñuble,Perteneciente al Sistema Nacional de Servicios de Salud,Posta de Salud Rural (PSR),Establecimiento de Salud,No Aplica,Municipal,Primario,16303,Ñiquén,Calle,,Caserío Zemita el Peumo,,,NO,No Aplica,No Aplica,-36.40044,-71.74001,Público,Vigente en Operación Habitual,Baja Complejidad,Atención Abierta-Ambulatoria,
1626,117314,Centro de Salud Familiar Dr. David Benavente de Ninhue,17-314,,,16,Región de Ñuble,17,Servicio de Salud Ñuble,Perteneciente al Sistema Nacional de Servicios de Salud,Centro de Salud Familiar (CESFAM),Establecimiento de Salud,Centro de Salud Familiar,Municipal,Primario,16204,Ninhue,Calle,405,Arturo Prat,421972942,,NO,No Aplica,No Aplica,-36.39808,-72.39912,Público,Vigente en Operación Habitual,Baja Complejidad,Atención Abierta-Ambulatoria,
1627,200835,SUR Dr. David Benavente de Ninhue,17-918,17-314,117314.0,16,Región de Ñuble,17,Servicio de Salud Ñuble,Perteneciente al Sistema Nacional de Servicios de Salud,Servicio de Urgencia Rural (SUR),Establecimiento de Salud,No Aplica,Municipal,Primario,16204,Ninhue,Calle,405,Arturo Prat,421972942,,SI,Urgencia Ambulatoria (SUR),No Aplica,-36.392602,-72.399393,Público,Vigente en Operación Habitual,Baja Complejidad,Atención Abierta-Ambulatoria,
1630,117422,Posta de Salud Rural La Gloria,17-422,,,16,Región de Ñuble,17,Servicio de Salud Ñuble,Perteneciente al Sistema Nacional de Servicios de Salud,Posta de Salud Rural (PSR),Establecimiento de Salud,No Aplica,Municipal,Primario,16303,Ñiquén,Calle,,Sector La Gloria,,,NO,No Aplica,No Aplica,-36.397838,-71.843283,Público,Vigente en Operación Habitual,Baja Complejidad,Atención Abierta-Ambulatoria,
1631,117443,Posta de Salud Rural Boca Itata,17-443,,,16,Región de Ñuble,17,Servicio de Salud Ñuble,Perteneciente al Sistema Nacional de Servicios de Salud,Posta de Salud Rural (PSR),Establecimiento de Salud,No Aplica,Municipal,Primario,16207,Treguaco,Calle,,Sector Boca Itata,,,NO,No Aplica,No Aplica,-36.38019,-72.82546,Público,Vigente en Operación Habitual,Baja Complejidad,Atención Abierta-Ambulatoria,
1632,117418,Centro Comunitario de Salud Familiar Chacay,17-418,17-313,117313.0,16,Región de Ñuble,17,Servicio de Salud Ñuble,Perteneciente al Sistema Nacional de Servicios de Salud,Centro Comunitario de Salud Familiar (CECOSF),Establecimiento de Salud,No Aplica,Municipal,Primario,16303,Ñiquén,Calle,,"Chacay, Sector Chacay",422585507,,NO,No Aplica,No Aplica,-36.36604,-71.77114,Público,Vigente en Operación Habitual,Baja Complejidad,Atención Abierta-Ambulatoria,
1633,117421,Posta de Salud Rural Torrecillas,17-421,,,16,Región de Ñuble,17,Servicio de Salud Ñuble,Perteneciente al Sistema Nacional de Servicios de Salud,Posta de Salud Rural (PSR),Establecimiento de Salud,No Aplica,Municipal,Primario,16301,San Carlos,Calle,,Sector Torrecillas,,,NO,No Aplica,No Aplica,-36.358275,-72.31656,Público,Vigente en Operación Habitual,Baja Complejidad,Atención Abierta-Ambulatoria,
1634,117463,Posta de Salud Rural El Rincón,17-463,,,16,Región de Ñuble,17,Servicio de Salud Ñuble,Perteneciente al Sistema Nacional de Servicios de Salud,Posta de Salud Rural (PSR),Establecimiento de Salud,No Aplica,Municipal,Primario,16204,Ninhue,Calle,,Caserío El Rincón,,,NO,No Aplica,No Aplica,-36.33452,-72.40821,Público,Vigente en Operación Habitual,Baja Complejidad,Atención Abierta-Ambulatoria,
1635,117462,Posta de Salud Rural Arizona,17-462,,,16,Región de Ñuble,17,Servicio de Salud Ñuble,Perteneciente al Sistema Nacional de Servicios de Salud,Posta de Salud Rural (PSR),Establecimiento de Salud,No Aplica,Municipal,Primario,16301,San Carlos,Calle,,Caserío de Arizona,,,NO,No Aplica,No Aplica,-36.31993,-72.03904,Público,Vigente en Operación Habitual,Baja Complejidad,Atención Abierta-Ambulatoria,
1637,117419,Posta de Salud Rural Ñiquén,17-419,,,16,Región de Ñuble,17,Servicio de Salud Ñuble,Perteneciente al Sistema Nacional de Servicios de Salud,Posta de Salud Rural (PSR),Establecimiento de Salud,No Aplica,Municipal,Primario,16303,Ñiquén,Calle,,Aldea Ñiquén,,,NO,No Aplica,No Aplica,-36.293311,-71.900638,Público,Vigente en Operación Habitual,Baja Complejidad,Atención Abierta-Ambulatoria,
1640,117461,Posta de Salud Rural Toquihua,17-461,,,16,Región de Ñuble,17,Servicio de Salud Ñuble,Perteneciente al Sistema Nacional de Servicios de Salud,Posta de Salud Rural (PSR),Establecimiento de Salud,No Aplica,Municipal,Primario,16301,San Carlos,Calle,,Sector Toquihua,,,NO,No Aplica,No Aplica,-36.2869,-72.22246,Público,Vigente en Operación Habitual,Baja Complejidad,Atención Abierta-Ambulatoria,
1641,117106,Hospital Comunitario de Salud Familiar de Quirihue,17-106,,,16,Región de Ñuble,17,Servicio de Salud Ñuble,Perteneciente al Sistema Nacional de Servicios de Salud,Hospital,Establecimiento de Salud,No Aplica,Servicio de Salud,Primario,16201,Quirihue,Calle,,Prat (Ruta 126),422586020,,SI,Urgencia Hospitalaria (UEH),No Aplica,-36.28644,-72.54754,Público,Vigente en Operación Habitual,Baja Complejidad,Atención Cerrada-Hospitalaria,
1643,117313,Centro de Salud Familiar Ñiquén,17-313,,,16,Región de Ñuble,17,Servicio de Salud Ñuble,Perteneciente al Sistema Nacional de Servicios de Salud,Centro de Salud Familiar (CESFAM),Establecimiento de Salud,Centro de Salud Familiar,Municipal,Primario,16303,Ñiquén,Calle,,Semíramis Caro,422373293,,NO,No Aplica,No Aplica,-36.28324,-71.81368,Público,Vigente en Operación Habitual,Baja Complejidad,Atención Abierta-Ambulatoria,
1644,200834,SUR Ñiquén,17-917,17-313,117313.0,16,Región de Ñuble,17,Servicio de Salud Ñuble,Perteneciente al Sistema Nacional de Servicios de Salud,Servicio de Urgencia Rural (SUR),Establecimiento de Salud,No Aplica,Municipal,Primario,16303,Ñiquén,Calle,,Semíramis Caro,422373293,,SI,Urgencia Ambulatoria (SUR),No Aplica,-36.282974,-71.813887,Público,Vigente en Operación Habitual,Baja Complejidad,Atención Abierta-Ambulatoria,
1645,117452,Posta de Salud Rural Colmuyao,17-452,,,16,Región de Ñuble,17,Servicio de Salud Ñuble,Perteneciente al Sistema Nacional de Servicios de Salud,Posta de Salud Rural (PSR),Establecimiento de Salud,No Aplica,Municipal,Primario,16202,Cobquecura,Calle,,Caserío de Colmuyao,,,NO,No Aplica,No Aplica,-36.27194,-72.80032,Público,Vigente en Operación Habitual,Baja Complejidad,Atención Abierta-Ambulatoria,
1652,117434,Posta de Salud Rural Los Remates,17-434,,,16,Región de Ñuble,17,Servicio de Salud Ñuble,Perteneciente al Sistema Nacional de Servicios de Salud,Posta de Salud Rural (PSR),Establecimiento de Salud,No Aplica,Municipal,Primario,16201,Quirihue,Calle,,Sector Los Remates,,,NO,No Aplica,No Aplica,-36.21321,-72.49508,Público,Vigente en Operación Habitual,Baja Complejidad,Atención Abierta-Ambulatoria,
1655,117468,Posta de Salud Rural Belén (Ñiquen),17-468,,,16,Región de Ñuble,17,Servicio de Salud Ñuble,Perteneciente al Sistema Nacional de Servicios de Salud,Posta de Salud Rural (PSR),Establecimiento de Salud,No Aplica,Municipal,Primario,16303,Ñiquén,Calle,,Sector Belén,,,NO,No Aplica,No Aplica,-36.18691,-72.03835,Público,Vigente en Operación Habitual,Baja Complejidad,Atención Abierta-Ambulatoria,
1673,117307,Centro de Salud Familiar Cobquecura,17-307,,,16,Región de Ñuble,17,Servicio de Salud Ñuble,Perteneciente al Sistema Nacional de Servicios de Salud,Centro de Salud Familiar (CESFAM),Establecimiento de Salud,Centro de Salud Familiar,Municipal,Primario,16202,Cobquecura,Calle,473,Chacabuco,422371651,,NO,No Aplica,No Aplica,-36.13282,-72.79329,Público,Vigente en Operación Habitual,Baja Complejidad,Atención Abierta-Ambulatoria,
1674,200829,SUR Cobquecura,17-912,17-307,117307.0,16,Región de Ñuble,17,Servicio de Salud Ñuble,Perteneciente al Sistema Nacional de Servicios de Salud,Servicio de Urgencia Rural (SUR),Establecimiento de Salud,No Aplica,Municipal,Primario,16202,Cobquecura,Calle,473,Chacabuco,422371651,,SI,Urgencia Ambulatoria (SUR),No Aplica,-36.132808,-72.793238,Público,Vigente en Operación Habitual,Baja Complejidad,Atención Abierta-Ambulatoria,
1678,117451,Posta de Salud Rural Buchupureo,17-451,,,16,Región de Ñuble,17,Servicio de Salud Ñuble,Perteneciente al Sistema Nacional de Servicios de Salud,Posta de Salud Rural (PSR),Establecimiento de Salud,No Aplica,Municipal,Primario,16202,Cobquecura,Calle,,Aldea de Buchupureo,,,NO,No Aplica,No Aplica,-36.075024,-72.779069,Público,Vigente en Operación Habitual,Baja Complejidad,Atención Abierta-Ambulatoria,
4680,201707,SAR Ultraestación,,17-303,117303.0,16,Región de Ñuble,17,Servicio de Salud Ñuble,Perteneciente al Sistema Nacional de Servicios de Salud,Servicio de Atención Primaria de Urgencia de Alta Resolutividad (SAR),Establecimiento de Salud,No Aplica,Municipal,Primario,16101,Chillán,Calle,74,Nicanor Parra,42 2 871425,11-07-2024,SI,Urgencia Ambulatoria (SAR),No Aplica,-36.60285318,-72.12171668,Público,Vigente en Operación Habitual,Baja Complejidad,Atención Abierta-Ambulatoria,15-10-2024
4681,117303,Centro de Salud Familiar Ultraestación Dr. Raúl San Martín González,17-303,,,16,Región de Ñuble,17,Servicio de Salud Ñuble,Perteneciente al Sistema Nacional de Servicios de Salud,Centro de Salud Familiar (CESFAM),Establecimiento de Salud,Centro de Salud Familiar,Municipal,Primario,16101,Chillán,Calle,74,Nicanor Parra,42 2 248627,17-06-2024,NO,No Aplica,No Aplica,-36.60431,-72.12055,Público,Vigente en Operación Habitual,Baja Complejidad,Atención Abierta-Ambulatoria,15-10-2024
4858,201849,SAR Michelle Chandía Alarcón,,17-318,117318.0,16,Región de Ñuble,17,Servicio de Salud Ñuble,Perteneciente al Sistema Nacional de Servicios de Salud,Servicio de Atención Primaria de Urgencia de Alta Resolutividad (SAR),Establecimiento de Salud,No Aplica,Municipal,Primario,16302,Coihueco,Calle,1233,Eleuterio Ramirez,42 2 2471006,01-01-2025,SI,Urgencia Ambulatoria (SAR),No Aplica,-36.62545361,-71.82811391,Público,Vigente en Operación Habitual,Baja Complejidad,Atención Abierta-Ambulatoria,24-04-2025